timestamp,action,task_id,task_name,user,params_summary,result
2025-12-14T14:33:25.462Z,legion_init,,,Claude,workingDirectory: /Users/c1/Work/Yuan,success
2025-12-14T14:33:41.612Z,legion_create_task,,,Claude,goal: Implement quote service adapters for all vendors following provideQuoteService interface,failed
2025-12-14T14:33:48.486Z,legion_propose_task,,,Claude,name: implement-quote-service,success
2025-12-14T14:34:05.771Z,legion_approve_proposal,implement-quote-service,implement-quote-service,Claude,proposalId: proposal-mj5ts62s-871f9c,success
2025-12-14T14:37:08.453Z,legion_update_context,implement-quote-service,implement-quote-service,Claude,addFile: libraries/exchange/src/quote.ts,success
2025-12-14T14:37:11.739Z,legion_update_tasks,implement-quote-service,implement-quote-service,Claude,completeTask: 阅读 @yuants/exchange 的 provideQuoteService 以及 vendor-gate 的报价实现，理解契约和数据流,success
2025-12-14T14:37:14.960Z,legion_update_tasks,implement-quote-service,implement-quote-service,Claude,setCurrentTask: 给每个厂商的报价实现拟定方案，标注数据来源与边界情况,success
2025-12-14T14:40:36.897Z,legion_update_context,implement-quote-service,implement-quote-service,Claude,addDecision: 报价服务适配方案：在各 vendor 新增 provideQuoteService，按产品前缀拆分实例并复用现有公共行情接口,success
2025-12-14T14:40:42.812Z,legion_update_tasks,implement-quote-service,implement-quote-service,Claude,completeTask: 给每个厂商的报价实现拟定方案，标注数据来源与边界情况,success
2025-12-14T14:40:47.975Z,legion_update_tasks,implement-quote-service,implement-quote-service,Claude,setCurrentTask: 为每个厂商实现并接好报价服务，保持现有模式并验证输出格式,success
2025-12-14T14:58:33.858Z,legion_init,implement-quote-service,implement-quote-service,Claude,workingDirectory: /Users/c1/Work/Yuan,success
2025-12-14T14:58:37.236Z,legion_get_status,implement-quote-service,implement-quote-service,Claude,,success
2025-12-14T14:58:42.638Z,legion_update_context,implement-quote-service,implement-quote-service,Claude,addFile: apps/vendor-bitget/src/services/quotes.ts,success
2025-12-14T14:58:45.878Z,legion_update_context,implement-quote-service,implement-quote-service,Claude,addFile: apps/vendor-hyperliquid/src/services/quotes.ts,success
2025-12-14T14:58:54.255Z,legion_update_context,implement-quote-service,implement-quote-service,Claude,,success
2025-12-14T15:20:33.157Z,legion_update_context,implement-quote-service,implement-quote-service,Claude,addDecision: 每个上游 API 调用对应一个 provideQuoteService，不在 requestFunc 内做多 API join 合并,success
2025-12-14T15:40:16.973Z,legion_init,implement-quote-service,implement-quote-service,Claude,workingDirectory: /Users/c1/Work/Yuan,success
2025-12-14T15:40:23.688Z,legion_update_context,implement-quote-service,implement-quote-service,Claude,addFile: apps/vendor-bitget/src/services/quotes.ts,success
2025-12-14T15:40:31.785Z,legion_update_context,implement-quote-service,implement-quote-service,Claude,addFile: apps/vendor-hyperliquid/src/services/quotes.ts,success
2025-12-14T15:40:36.699Z,legion_update_context,implement-quote-service,implement-quote-service,Claude,addFile: apps/vendor-hyperliquid/src/index.ts,success
2025-12-14T15:40:43.252Z,legion_update_context,implement-quote-service,implement-quote-service,Claude,addFile: apps/vendor-okx/src/services/quotes.ts,success
2025-12-14T15:40:48.029Z,legion_update_context,implement-quote-service,implement-quote-service,Claude,addFile: apps/vendor-okx/src/index.ts,success
2025-12-14T15:40:54.347Z,legion_update_context,implement-quote-service,implement-quote-service,Claude,addFile: apps/vendor-binance/src/services/quotes.ts,success
2025-12-14T15:40:59.011Z,legion_update_context,implement-quote-service,implement-quote-service,Claude,addFile: apps/vendor-binance/src/index.ts,success
2025-12-14T15:41:05.327Z,legion_update_context,implement-quote-service,implement-quote-service,Claude,addFile: apps/vendor-aster/src/services/quotes.ts,success
2025-12-14T15:41:13.188Z,legion_update_context,implement-quote-service,implement-quote-service,Claude,addFile: apps/vendor-aster/src/index.ts,success
2025-12-14T15:41:18.388Z,legion_update_context,implement-quote-service,implement-quote-service,Claude,addFile: apps/vendor-huobi/src/services/quotes.ts,success
2025-12-14T15:41:24.253Z,legion_update_context,implement-quote-service,implement-quote-service,Claude,addFile: apps/vendor-huobi/src/index.ts,success
2025-12-14T15:41:32.763Z,legion_update_context,implement-quote-service,implement-quote-service,Claude,progress.completed: TypeScript 检查命令与结果： - common/temp/node_modules/.bin/tsc --noEmit --project apps/vendor-bitget/tsconfig.json ✅ - common/temp/node_modules/.bin/tsc --noEmit --pro,success
2025-12-14T15:41:39.039Z,legion_update_tasks,implement-quote-service,implement-quote-service,Claude,completeTask: 为每个厂商实现并接好报价服务，保持现有模式并验证输出格式,success
2025-12-14T15:44:42.359Z,legion_update_tasks,implement-quote-service,implement-quote-service,Claude,setCurrentTask: 为每个厂商实现并接好报价服务，保持现有模式并验证输出格式,success
2025-12-14T15:44:47.976Z,legion_update_tasks,implement-quote-service,implement-quote-service,Claude,completeTask: 为每个厂商实现并接好报价服务，保持现有模式并验证输出格式,success
2025-12-14T15:46:25.977Z,legion_update_tasks,implement-quote-service,implement-quote-service,Claude,completeTask: 给每个厂商的报价实现拟定方案，标注数据来源与边界情况,success
2025-12-14T15:46:31.069Z,legion_update_tasks,implement-quote-service,implement-quote-service,Claude,completeTask: 阅读 @yuants/exchange 的 provideQuoteService 以及 vendor-gate 的报价实现，理解契约和数据流,success
2025-12-14T15:46:58.342Z,legion_get_status,implement-quote-service,implement-quote-service,Claude,,success
2025-12-14T15:57:52.080Z,legion_update_tasks,implement-quote-service,implement-quote-service,Claude,addDiscoveredTask: 补齐“单次只能请求一个 product_id”的上游 API 对应的 GetQuotes 实现：为 Binance futures open_interest、Aster open_interest 新增 max_products_per_request=1 的 provideQuoteService,success
2025-12-14T15:59:10.934Z,legion_update_context,implement-quote-service,implement-quote-service,Claude,addDecision: 对于“单次只能按 symbol/product 查询”的上游 API：对应的 provideQuoteService 必须设置 max_products_per_request=1，并在 requestFunc 内通过 decodePath(product_id) 解析 symbol 单独请求,success
2025-12-14T15:59:17.274Z,legion_update_context,implement-quote-service,implement-quote-service,Claude,progress.completed: 补齐 per-product API 风格： - Binance USDT-FUTURE open_interest 新增独立 provideQuoteService，max_products_per_request=1（调用 getFutureOpenInterest） - Aster PERP open_inter,success
2025-12-14T15:59:23.664Z,legion_update_tasks,implement-quote-service,implement-quote-service,Claude,,success
2025-12-14T15:59:28.765Z,legion_update_tasks,implement-quote-service,implement-quote-service,Claude,,success
2025-12-14T15:59:57.081Z,legion_update_context,implement-quote-service,implement-quote-service,Claude,addFile: .legion/tasks/implement-quote-service/plan.md,success
2025-12-14T16:12:24.809Z,legion_update_context,implement-quote-service,implement-quote-service,Claude,addFile: apps/vendor-bitget/src/services/quotes.ts,success
2025-12-14T16:12:40.295Z,legion_update_context,implement-quote-service,implement-quote-service,Claude,progress.completed: TypeScript 检查补充： - common/temp/node_modules/.bin/tsc --noEmit --project apps/vendor-bitget/tsconfig.json ✅ - common/temp/node_modules/.bin/tsc --noEmit --projec,success
2025-12-14T16:12:52.690Z,legion_update_tasks,implement-quote-service,implement-quote-service,Claude,addDiscoveredTask: 补齐 Bitget funding settlement 时间字段：interest_rate_next_settled_at / interest_rate_prev_settled_at（per-product API，max_products_per_request=1）,success
2025-12-14T16:12:59.106Z,legion_update_tasks,implement-quote-service,implement-quote-service,Claude,addDiscoveredTask: 补齐 Binance/OKX 的 MARGIN GetQuotes（BID/ASK/LAST 等字段按上游 API 拆分，不 join）,success
2025-12-15T08:09:10.313Z,legion_init,implement-quote-service,implement-quote-service,Claude,workingDirectory: /home/c1/Work/Yuan,success
2025-12-15T08:09:20.635Z,legion_create_task,implement-quote-service,implement-quote-service,Claude,goal: Design quote routing in virtual-exchange quote service (compute per-upstream requests from cacheMissed + terminal metadata) and implement TODO accordingly.,failed
2025-12-15T08:09:32.583Z,legion_propose_task,implement-quote-service,implement-quote-service,Claude,name: task-vex-quote-routing,success
2025-12-15T08:09:34.656Z,legion_approve_proposal,task-vex-quote-routing,task-vex-quote-routing,Claude,proposalId: proposal-mj6vhup2-9ba350,success
2025-12-15T08:09:36.448Z,legion_switch_task,task-vex-quote-routing,task-vex-quote-routing,Claude,taskId: task-vex-quote-routing,success
2025-12-15T08:09:42.439Z,legion_read_context,task-vex-quote-routing,task-vex-quote-routing,Claude,section: all,success
2025-12-15T08:09:47.558Z,legion_update_tasks,task-vex-quote-routing,task-vex-quote-routing,Claude,setCurrentTask: phase 1,success
2025-12-15T08:16:49.222Z,legion_update_context,task-vex-quote-routing,task-vex-quote-routing,Claude,addFile: apps/virtual-exchange/src/quote/service.ts,success
2025-12-15T08:16:49.224Z,legion_update_context,task-vex-quote-routing,task-vex-quote-routing,Claude,addFile: apps/virtual-exchange/src/quote/implementations/v1.ts,success
2025-12-15T08:16:49.226Z,legion_update_context,task-vex-quote-routing,task-vex-quote-routing,Claude,addFile: apps/virtual-exchange/src/quote/DESIGN.md,success
2025-12-15T08:16:49.227Z,legion_update_context,task-vex-quote-routing,task-vex-quote-routing,Claude,addFile: libraries/exchange/src/quote.ts,success
2025-12-15T08:16:49.229Z,legion_update_context,task-vex-quote-routing,task-vex-quote-routing,Claude,addFile: libraries/protocol/src/model.ts,success
2025-12-15T08:16:49.231Z,legion_update_context,task-vex-quote-routing,task-vex-quote-routing,Claude,addFile: libraries/protocol/src/client.ts,success
2025-12-15T08:16:49.232Z,legion_update_context,task-vex-quote-routing,task-vex-quote-routing,Claude,addFile: .legion/tasks/implement-quote-service/plan.md,success
2025-12-15T08:16:49.234Z,legion_update_context,task-vex-quote-routing,task-vex-quote-routing,Claude,addFile: libraries/cache/src/cache.ts,success
2025-12-15T08:17:04.629Z,legion_update_context,task-vex-quote-routing,task-vex-quote-routing,Claude,addDecision: 实现 TODO 前必须处理 quoteState 的“读导致写”风险：优先修复实现让读不创建 product；并在服务层加输入上限作为兜底。,success
2025-12-15T08:17:04.631Z,legion_update_context,task-vex-quote-routing,task-vex-quote-routing,Claude,addDecision: 路由算法以 `product_id_prefix` + `fields` 覆盖为核心：按 product 做贪心 set-cover，之后按 provider 聚合 product_ids 批量请求。,success
2025-12-15T08:17:04.633Z,legion_update_context,task-vex-quote-routing,task-vex-quote-routing,Claude,addDecision: 通过 terminal 的 `serviceInfo.schema` 发现并解析上游 `GetQuotes` provider 的 metadata（prefix/fields/maxItems）。,success
2025-12-15T08:17:04.635Z,legion_update_context,task-vex-quote-routing,task-vex-quote-routing,Claude,addDecision: in-flight 复用使用 `@yuants/cache` 的 `createCache`（短 expire），并发上限使用简单 throttler；请求执行用 `Promise.allSettled` best-effort 聚合。,success
2025-12-15T08:17:13.601Z,legion_update_context,task-vex-quote-routing,task-vex-quote-routing,Claude,progress.completed: 定位 `VEX/QueryQuotes` TODO 与现有 cacheMissed 计算逻辑,success
2025-12-15T08:17:18.502Z,legion_update_tasks,task-vex-quote-routing,task-vex-quote-routing,Claude,completeTask: phase 1,success
2025-12-15T08:37:15.140Z,legion_update_context,task-vex-quote-routing,task-vex-quote-routing,Claude,addDecision: 同一个 provider（建议按“schema 能力签名”定义）并发限制为 1；不同 provider 允许并发。,success
2025-12-15T08:37:15.141Z,legion_update_context,task-vex-quote-routing,task-vex-quote-routing,Claude,addDecision: GetQuotes 多实例做负载均衡；in-flight key 对 product_ids 做 FNV-1a 64 hex hash（参考 alert fingerprint 实现）。,success
2025-12-15T08:37:15.143Z,legion_update_context,task-vex-quote-routing,task-vex-quote-routing,Claude,addDecision: freshness 是硬约束：若补全后仍有任一 requested 字段 `updated_at < req.updated_at`（或缺失），则 `VEX/QueryQuotes` 直接抛异常退出，不做重试。,success
2025-12-15T08:37:15.144Z,legion_update_context,task-vex-quote-routing,task-vex-quote-routing,Claude,addDecision: `fields` 一律按字典序；VEX 构造请求时直接 `sort()`（必要时抽工具）。,success
2025-12-15T08:37:22.008Z,legion_update_context,task-vex-quote-routing,task-vex-quote-routing,Claude,progress.completed: 你已确认：fields 使用字典序排序；多实例负载均衡；in-flight key 不包含 updated_at；可对 product_ids 做 fnv1a64 hash；freshness 不满足则直接抛异常；同 provider 并发限制为 1；类型可用 `as`。,success
2025-12-15T08:38:14.280Z,legion_list_tasks,task-vex-quote-routing,task-vex-quote-routing,Claude,,success
2025-12-15T08:38:20.015Z,legion_list_proposals,task-vex-quote-routing,task-vex-quote-routing,Claude,status: pending,success
2025-12-15T08:45:11.130Z,legion_update_tasks,task-vex-quote-routing,task-vex-quote-routing,Claude,setCurrentTask: phase 3,success
2025-12-15T08:50:04.715Z,legion_update_tasks,task-vex-quote-routing,task-vex-quote-routing,Claude,completeTask: phase 3,success
2025-12-15T08:50:11.105Z,legion_update_tasks,task-vex-quote-routing,task-vex-quote-routing,Claude,setCurrentTask: phase 3,success
2025-12-15T08:50:13.936Z,legion_update_tasks,task-vex-quote-routing,task-vex-quote-routing,Claude,completeTask: phase 3,success
2025-12-15T08:50:22.336Z,legion_update_context,task-vex-quote-routing,task-vex-quote-routing,Claude,progress.completed: 实现 `apps/virtual-exchange/src/quote/service.ts` 的 TODO：基于 cacheMissed + 上游 GetQuotes schema metadata 做路由/批量/并发(in-flight)复用，并在补全后进行 strict freshness 校验,success
2025-12-15T12:33:56.212Z,legion_update_context,task-vex-quote-routing,task-vex-quote-routing,Claude,progress.completed: 已参考 `docs/zh-Hans/code-guidelines/exchange.md` 的「L1 报价数据」匹配算法，并将路由设计从 set cover 调整为 Trie(prefix)+field index+交集过滤（`S_product_id ∩ S_field`）。,success
2025-12-15T12:42:12.186Z,legion_update_context,task-vex-quote-routing,task-vex-quote-routing,Claude,progress.completed: 按 `docs/zh-Hans/code-guidelines/exchange.md` L1 报价算法重构路由：prefix 匹配 + field 倒排索引 + 交集过滤（不做 set cover）,success
2025-12-15T14:41:18.142Z,legion_get_status,task-vex-quote-routing,task-vex-quote-routing,Claude,,success
2025-12-15T14:41:24.002Z,legion_list_reviews,task-vex-quote-routing,task-vex-quote-routing,Claude,status: open,success
2025-12-15T14:41:24.005Z,legion_read_context,task-vex-quote-routing,task-vex-quote-routing,Claude,"section: all, includeReviews: true",success
2025-12-15T14:41:30.205Z,legion_archive_task,task-vex-quote-routing,task-vex-quote-routing,Claude,taskId: task-vex-quote-routing,success
2025-12-15T14:45:35.864Z,legion_switch_task,implement-quote-service,implement-quote-service,Claude,taskId: implement-quote-service,success
2025-12-15T14:45:41.224Z,legion_list_reviews,implement-quote-service,implement-quote-service,Claude,status: open,success
2025-12-15T14:45:41.226Z,legion_read_context,implement-quote-service,implement-quote-service,Claude,"section: all, includeReviews: true",success
2025-12-15T14:46:37.708Z,legion_propose_task,implement-quote-service,implement-quote-service,Claude,name: extract-fnv1a64hex-to-utils,success
2025-12-15T14:53:44.913Z,legion_get_status,implement-quote-service,implement-quote-service,Claude,,success
2025-12-15T14:53:51.732Z,legion_archive_task,implement-quote-service,implement-quote-service,Claude,taskId: implement-quote-service,success
2025-12-15T14:53:57.501Z,legion_get_status,,,Claude,,success
2025-12-16T15:02:13.879Z,legion_create_task,,,Claude,"goal: Refactor VEX quote upstream routing into layered modules (registry/router/executor) with clear interfaces, remove debug leftovers, and unify log tags.",failed
2025-12-16T15:02:33.730Z,legion_propose_task,,,Claude,name: task-vex-quote-upstream-refactor,success
2025-12-16T15:02:37.066Z,legion_approve_proposal,task-vex-quote-upstream-refactor,task-vex-quote-upstream-refactor,Claude,proposalId: proposal-mj8poum9-556f39,success
2025-12-16T15:02:43.206Z,legion_switch_task,task-vex-quote-upstream-refactor,task-vex-quote-upstream-refactor,Claude,taskId: task-vex-quote-upstream-refactor,success
2025-12-16T15:03:30.202Z,legion_update_tasks,task-vex-quote-upstream-refactor,task-vex-quote-upstream-refactor,Claude,setCurrentTask: phase 1,success
2025-12-16T15:03:40.708Z,legion_update_context,task-vex-quote-upstream-refactor,task-vex-quote-upstream-refactor,Claude,addDecision: 沿用 service discovery 的 watch key = `service_id`（因 `service_id` 全局唯一），不把“可能碰撞”作为重构前提；但仍会在重构中把 registry 抽象成接口以隔离 RxJS/TerminalInfos 细节。,success
2025-12-16T15:04:32.889Z,legion_update_context,task-vex-quote-upstream-refactor,task-vex-quote-upstream-refactor,Claude,addFile: apps/virtual-exchange/src/quote/upstream-routing.ts,success
2025-12-16T15:04:56.842Z,legion_update_context,task-vex-quote-upstream-refactor,task-vex-quote-upstream-refactor,Claude,"progress.completed: 完成 Discovery 梳理要点（供 Design 使用）： - 领域能力：L1 路由（prefix 匹配 + field 倒排 + 交集）、按 provider group + max_products_per_request 分批、字段不可用写 `""""` 并用 `updated_at` 满足鲜度。 - 切面能力：",success
2025-12-16T15:04:59.963Z,legion_update_tasks,task-vex-quote-upstream-refactor,task-vex-quote-upstream-refactor,Claude,completeTask: phase 1,success
2025-12-16T15:05:08.964Z,legion_update_tasks,task-vex-quote-upstream-refactor,task-vex-quote-upstream-refactor,Claude,setCurrentTask: phase 2,success
2025-12-17T06:51:25.863Z,legion_list_reviews,task-vex-quote-upstream-refactor,task-vex-quote-upstream-refactor,Claude,status: open,success
2025-12-17T06:53:14.460Z,legion_respond_review,task-vex-quote-upstream-refactor,task-vex-quote-upstream-refactor,Claude,"file: plan.md, reviewId: R1, status: resolved",success
2025-12-17T06:53:18.987Z,legion_respond_review,task-vex-quote-upstream-refactor,task-vex-quote-upstream-refactor,Claude,"file: plan.md, reviewId: R2, status: resolved",success
2025-12-17T06:53:23.733Z,legion_respond_review,task-vex-quote-upstream-refactor,task-vex-quote-upstream-refactor,Claude,"file: plan.md, reviewId: R3, status: resolved",success
2025-12-17T06:53:26.700Z,legion_list_reviews,task-vex-quote-upstream-refactor,task-vex-quote-upstream-refactor,Claude,status: open,success
2025-12-17T06:53:29.838Z,legion_update_tasks,task-vex-quote-upstream-refactor,task-vex-quote-upstream-refactor,Claude,completeTask: phase 2,success
2025-12-17T06:53:33.982Z,legion_update_tasks,task-vex-quote-upstream-refactor,task-vex-quote-upstream-refactor,Claude,setCurrentTask: phase 3,success
2025-12-17T06:53:56.829Z,legion_update_context,task-vex-quote-upstream-refactor,task-vex-quote-upstream-refactor,Claude,progress.completed: 已处理并闭环你在 `plan.md` 里的 3 条 review： - `IQuoteProviderRegistry` 升级为对外 Facade，提供 `planOrThrow/execute/fillQuoteStateFromUpstream`；Router/Executor 改为内部组件；prefix matc,success
2025-12-17T07:04:29.845Z,legion_update_tasks,task-vex-quote-upstream-refactor,task-vex-quote-upstream-refactor,Claude,completeTask: phase 3,success
2025-12-17T07:05:10.429Z,legion_update_context,task-vex-quote-upstream-refactor,task-vex-quote-upstream-refactor,Claude,addFile: apps/virtual-exchange/src/quote/upstream/registry.ts,success
2025-12-17T07:05:17.796Z,legion_update_context,task-vex-quote-upstream-refactor,task-vex-quote-upstream-refactor,Claude,addFile: apps/virtual-exchange/src/quote/upstream/index.ts,success
2025-12-17T07:05:17.798Z,legion_update_context,task-vex-quote-upstream-refactor,task-vex-quote-upstream-refactor,Claude,addFile: apps/virtual-exchange/src/quote/upstream/router.ts,success
2025-12-17T07:05:17.800Z,legion_update_context,task-vex-quote-upstream-refactor,task-vex-quote-upstream-refactor,Claude,addFile: apps/virtual-exchange/src/quote/upstream/executor.ts,success
2025-12-17T07:05:23.634Z,legion_update_context,task-vex-quote-upstream-refactor,task-vex-quote-upstream-refactor,Claude,addFile: apps/virtual-exchange/src/quote/service.ts,success
2025-12-17T07:05:31.799Z,legion_update_context,task-vex-quote-upstream-refactor,task-vex-quote-upstream-refactor,Claude,progress.completed: 完成 upstream-routing 重构：新增 `apps/virtual-exchange/src/quote/upstream/` 目录，将 provider registry / router / executor 分层拆分，并由 Facade `createQuoteProviderRegistry(ter,success
2025-12-17T07:07:06.777Z,legion_update_context,task-vex-quote-upstream-refactor,task-vex-quote-upstream-refactor,Claude,handoff: 联调验证：启动上游 GetQuotes providers + virtual-exchange，调用 `VEX/QueryQuotes` 观察 `[VEX][Quote]...` 日志（UpstreamProviderDiscovery/RouteDispatched/RequestPlanned/RequestRe,success
2025-12-17T07:08:27.720Z,legion_get_status,task-vex-quote-upstream-refactor,task-vex-quote-upstream-refactor,Claude,,success
2025-12-17T07:08:42.960Z,legion_archive_task,task-vex-quote-upstream-refactor,task-vex-quote-upstream-refactor,Claude,taskId: task-vex-quote-upstream-refactor,success
2025-12-17T07:08:46.671Z,legion_get_status,,,Claude,,success
2025-12-17T08:38:44.885Z,legion_get_status,,,Claude,,success
2025-12-17T08:38:49.855Z,legion_list_tasks,,,Claude,,success
2025-12-17T08:38:55.853Z,legion_read_context,task-vex-quote-upstream-refactor,task-vex-quote-upstream-refactor,Claude,"section: all, includeReviews: true",success
2025-12-17T08:38:55.858Z,legion_read_context,task-vex-quote-routing,task-vex-quote-routing,Claude,"section: all, includeReviews: true",success
2025-12-17T08:42:34.508Z,legion_propose_task,,,Claude,name: task-vex-queryquotes-swr,success
2025-12-17T08:48:48.901Z,legion_approve_proposal,task-vex-queryquotes-swr,task-vex-queryquotes-swr,Claude,proposalId: proposal-mj9rk1aj-0b08f4,success
2025-12-17T08:50:28.998Z,legion_update_context,task-vex-queryquotes-swr,task-vex-queryquotes-swr,Claude,progress.completed: 已将 `VEX/QueryQuotes` 的 SWR（stale-while-revalidate）详细设计落盘到 `plan.md`（同步立即返回 + 后台 RxJS 串行补全 + 执行时重算 miss + 错误隔离）。,success
2025-12-17T08:59:16.900Z,legion_list_reviews,task-vex-queryquotes-swr,task-vex-queryquotes-swr,Claude,"status: open, type: all",success
2025-12-17T09:00:30.391Z,legion_respond_review,task-vex-queryquotes-swr,task-vex-queryquotes-swr,Claude,"file: plan.md, reviewId: R1, status: resolved",success
2025-12-17T09:00:38.400Z,legion_respond_review,task-vex-queryquotes-swr,task-vex-queryquotes-swr,Claude,"file: plan.md, reviewId: R2, status: resolved",success
2025-12-17T09:00:43.481Z,legion_respond_review,task-vex-queryquotes-swr,task-vex-queryquotes-swr,Claude,"file: plan.md, reviewId: R3, status: resolved",success
2025-12-17T09:00:47.457Z,legion_respond_review,task-vex-queryquotes-swr,task-vex-queryquotes-swr,Claude,"file: tasks.md, reviewId: R4, status: resolved",success
2025-12-17T09:00:53.272Z,legion_respond_review,task-vex-queryquotes-swr,task-vex-queryquotes-swr,Claude,"file: tasks.md, reviewId: R5, status: resolved",success
2025-12-17T09:03:06.528Z,legion_update_context,task-vex-queryquotes-swr,task-vex-queryquotes-swr,Claude,addDecision: SWR 的 `VEX/QueryQuotes` 采用“stale-OK + miss-error”：同步返回最新缓存（含 stale），仅在完全缺失（miss）时同步抛错，同时入队触发后台补全；并新增队列状态查询服务。,success
2025-12-17T09:03:09.435Z,legion_list_reviews,task-vex-queryquotes-swr,task-vex-queryquotes-swr,Claude,"status: open, type: all",success
2025-12-17T09:04:05.173Z,legion_update_context,task-vex-queryquotes-swr,task-vex-queryquotes-swr,Claude,"handoff: 按 `plan.md` 在 `apps/virtual-exchange/src/quote/service.ts` 落地：新增 `Subject<UpdateTask>` 队列与 `concatMap` 串行消费者；实现 `filterLatest(product_ids, fields)`（可基于 `getValu",success
2025-12-17T14:31:56.065Z,legion_init,task-vex-queryquotes-swr,task-vex-queryquotes-swr,Claude,workingDirectory: /Users/c1/Work/Yuan,success
2025-12-17T14:32:00.624Z,legion_list_reviews,task-vex-queryquotes-swr,task-vex-queryquotes-swr,Claude,"status: open, type: all",success
2025-12-17T14:32:00.631Z,legion_get_status,task-vex-queryquotes-swr,task-vex-queryquotes-swr,Claude,,success
2025-12-17T14:32:00.638Z,legion_read_context,task-vex-queryquotes-swr,task-vex-queryquotes-swr,Claude,"section: all, includeReviews: true",success
2025-12-17T14:34:40.630Z,legion_update_context,task-vex-queryquotes-swr,task-vex-queryquotes-swr,Claude,progress.completed: 已阅读现状代码：`apps/virtual-exchange/src/quote/service.ts`（QueryQuotes 同步 await 上游 + strict freshness assert）、`apps/virtual-exchange/src/quote/upstream/registry.ts`（f,success
2025-12-17T14:34:49.793Z,legion_update_context,task-vex-queryquotes-swr,task-vex-queryquotes-swr,Claude,addFile: apps/virtual-exchange/src/quote/implementations/v1.ts,success
2025-12-17T14:34:49.879Z,legion_update_context,task-vex-queryquotes-swr,task-vex-queryquotes-swr,Claude,addFile: apps/virtual-exchange/src/quote/service.ts,success
2025-12-17T14:34:49.897Z,legion_update_context,task-vex-queryquotes-swr,task-vex-queryquotes-swr,Claude,addFile: apps/virtual-exchange/src/quote/types.ts,success
2025-12-17T14:34:49.922Z,legion_update_context,task-vex-queryquotes-swr,task-vex-queryquotes-swr,Claude,addFile: apps/virtual-exchange/src/quote/upstream/registry.ts,success
2025-12-17T14:36:53.934Z,legion_init,task-vex-queryquotes-swr,task-vex-queryquotes-swr,Claude,workingDirectory: /Users/c1/Work/Yuan,success
2025-12-17T14:36:57.347Z,legion_update_context,task-vex-queryquotes-swr,task-vex-queryquotes-swr,Claude,progress.completed: 在仓库内全局搜索未发现 `VEX/QueryQuotes` 调用方（仅有服务定义与设计文档），因此调用方行为/错误码兼容性需要由你提供信息或通过运行环境观测确认。,success
2025-12-17T14:39:40.275Z,legion_update_context,task-vex-queryquotes-swr,task-vex-queryquotes-swr,Claude,addDecision: 将 `VEX/QueryQuotes` 改为 SWR（stale-OK + miss-error），并额外提供 `VEX/QueryQuotesStrict` 保留旧的 strict freshness 行为。,success
2025-12-17T14:39:45.286Z,legion_update_context,task-vex-queryquotes-swr,task-vex-queryquotes-swr,Claude,addDecision: SWR 路径 miss 同步错误码继续复用 `VEX_QUOTE_FRESHNESS_NOT_SATISFIED`，但仅在“完全缺失 tuple（undefined）”时触发（stale 不再触发）。,success
2025-12-17T14:39:50.400Z,legion_update_context,task-vex-queryquotes-swr,task-vex-queryquotes-swr,Claude,addDecision: 新增服务 `VEX/QuoteUpdateQueueStatus` 用于观测后台更新队列（pending/in_flight/last_error/last_processed_at 等）。,success
2025-12-17T14:43:21.776Z,legion_update_context,task-vex-queryquotes-swr,task-vex-queryquotes-swr,Claude,progress.completed: 已在 `apps/virtual-exchange/src/quote/service.ts` 实现：`VEX/QueryQuotes` 走 SWR（同步返回 filterLatest + miss 抛错 + 入队后台更新）；新增 `VEX/QueryQuotesStrict` 保留旧行为；新增 `VEX/QuoteU,success
2025-12-17T14:43:34.823Z,legion_get_status,task-vex-queryquotes-swr,task-vex-queryquotes-swr,Claude,,success
2025-12-17T14:43:48.518Z,legion_update_tasks,task-vex-queryquotes-swr,task-vex-queryquotes-swr,Claude,completeTask: phase 3,success
2025-12-17T14:43:55.272Z,legion_update_tasks,task-vex-queryquotes-swr,task-vex-queryquotes-swr,Claude,setCurrentTask: phase 4,success
2025-12-17T14:44:18.399Z,legion_update_context,task-vex-queryquotes-swr,task-vex-queryquotes-swr,Claude,handoff: 在实际运行环境用任意客户端调用 `VEX/QueryQuotes`：首次 miss 预期抛 `VEX_QUOTE_FRESHNESS_NOT_SATISFIED`，随后轮询同参数应逐步收敛；stale 场景应直接返回旧值且后台触发更新。,success
2025-12-17T14:52:53.382Z,legion_update_tasks,task-vex-queryquotes-swr,task-vex-queryquotes-swr,Claude,addDiscoveredTask: 确认并移除文档/实现中所有 `VEX/QueryQuotesStrict` 的残留（含 context 决策与 tasks 描述）。,success
2025-12-17T14:52:53.385Z,legion_update_context,task-vex-queryquotes-swr,task-vex-queryquotes-swr,Claude,addDecision: 不提供 `VEX/QueryQuotesStrict`；仅保留并替换 `VEX/QueryQuotes` 为 SWR 语义，同时提供 `VEX/QuoteUpdateQueueStatus` 做观测。,success
2025-12-19T07:40:56.604Z,legion_create_task,task-vex-queryquotes-swr,task-vex-queryquotes-swr,Claude,"goal: 审视 virtual-exchange/src/quote/upstream/new.ts 新调度器设计的合理性，针对 20,000 products 规模场景进行复杂度分析并提出优化建议",failed
2025-12-19T07:41:19.051Z,legion_propose_task,task-vex-queryquotes-swr,task-vex-queryquotes-swr,Claude,name: review-new-scheduler-design,success
2025-12-19T07:42:06.521Z,legion_approve_proposal,task-vex-queryquotes-swr,task-vex-queryquotes-swr,Claude,proposalId: proposal-mjck8ymi-a542af,failed
2025-12-19T07:42:11.670Z,legion_switch_task,review-new-scheduler-design,,Claude,taskId: review-new-scheduler-design,failed
2025-12-19T07:42:29.752Z,legion_approve_proposal,review-new-scheduler-design,review-new-scheduler-design,Claude,proposalId: proposal-mjck8ymi-a542af,success
2025-12-19T07:42:34.827Z,legion_switch_task,review-new-scheduler-design,review-new-scheduler-design,Claude,taskId: review-new-scheduler-design,success
2025-12-19T07:42:39.950Z,legion_read_context,review-new-scheduler-design,review-new-scheduler-design,Claude,,success
2025-12-19T07:42:47.279Z,legion_update_tasks,review-new-scheduler-design,review-new-scheduler-design,Claude,setCurrentTask: phase 1,success
2025-12-19T07:42:47.329Z,legion_update_context,review-new-scheduler-design,review-new-scheduler-design,Claude,addFile: apps/virtual-exchange/src/quote/upstream/new.ts,success
2025-12-19T07:44:38.806Z,legion_update_context,review-new-scheduler-design,review-new-scheduler-design,Claude,progress.completed: 完成 Cell 模型和 Dirty Check 流程分析,success
2025-12-19T07:44:38.854Z,legion_update_context,review-new-scheduler-design,review-new-scheduler-design,Claude,"addDecision: 当前设计不适用于 20,000 products 规模，需要重构数据结构",success
2025-12-19T07:44:46.448Z,legion_update_tasks,review-new-scheduler-design,review-new-scheduler-design,Claude,completeTask: phase 1,success
2025-12-19T07:44:46.503Z,legion_update_tasks,review-new-scheduler-design,review-new-scheduler-design,Claude,completeTask: phase 1,success
2025-12-19T07:44:46.556Z,legion_update_tasks,review-new-scheduler-design,review-new-scheduler-design,Claude,completeTask: phase 1,success
2025-12-19T07:44:46.612Z,legion_update_tasks,review-new-scheduler-design,review-new-scheduler-design,Claude,completeTask: phase 1,success
2025-12-19T07:45:22.085Z,legion_update_context,review-new-scheduler-design,review-new-scheduler-design,Claude,handoff: 根据优化建议重构 new.ts，将 cells 数组改为 Map,success
2025-12-19T07:45:22.137Z,legion_generate_dashboard,review-new-scheduler-design,review-new-scheduler-design,Claude,format: markdown,success
2025-12-19T08:14:16.862Z,legion_get_status,review-new-scheduler-design,review-new-scheduler-design,Claude,,success
2025-12-19T08:14:16.925Z,legion_read_context,review-new-scheduler-design,review-new-scheduler-design,Claude,"section: all, includeReviews: true",success
2025-12-19T08:14:16.978Z,legion_list_reviews,review-new-scheduler-design,review-new-scheduler-design,Claude,"status: open, type: all",success
2025-12-19T08:16:57.525Z,legion_update_tasks,review-new-scheduler-design,review-new-scheduler-design,Claude,addDiscoveredTask: 补齐正确性语义：request 失败不清 dirty，并引入 backoff/重试策略；仅在响应确实包含对应字段时才清 dirty,success
2025-12-19T08:17:00.698Z,legion_update_tasks,review-new-scheduler-design,review-new-scheduler-design,Claude,addDiscoveredTask: 服务注册表做快照/版本控制，避免 services 在调度循环中被替换导致的竞态；或改为“单写者”调度线程串行处理所有状态变更,success
2025-12-19T08:17:04.820Z,legion_update_tasks,review-new-scheduler-design,review-new-scheduler-design,Claude,addDiscoveredTask: 标准化 service_group_id 计算：对 fields 排序/去重后再 join，避免同语义服务被拆成多个 group,success
2025-12-19T08:17:09.604Z,legion_update_tasks,review-new-scheduler-design,review-new-scheduler-design,Claude,addDiscoveredTask: 调度与执行层对齐：优先复用 apps/virtual-exchange/src/quote/upstream/executor.ts 的 per-group 串行、全局并发限制、in-flight 去重；scheduler 只负责 dirty 合并与 micro-batch,success
2025-12-19T08:17:13.323Z,legion_update_tasks,review-new-scheduler-design,review-new-scheduler-design,Claude,addDiscoveredTask: 增加回归验证：单测覆盖 route 未命中、request 失败重试语义、services 版本切换一致性；补充基准测试（20k products）并在 CI 中以阈值/趋势方式约束,success
2025-12-19T08:17:24.919Z,legion_update_context,review-new-scheduler-design,review-new-scheduler-design,Claude,addFile: apps/virtual-exchange/src/quote/upstream/new.ts,success
2025-12-19T08:17:26.868Z,legion_update_context,review-new-scheduler-design,review-new-scheduler-design,Claude,addFile: apps/virtual-exchange/src/quote/upstream/executor.ts,success
2025-12-19T08:17:28.822Z,legion_update_context,review-new-scheduler-design,review-new-scheduler-design,Claude,addFile: apps/virtual-exchange/src/quote/service.ts,success
2025-12-19T08:17:32.906Z,legion_update_context,review-new-scheduler-design,review-new-scheduler-design,Claude,progress.completed: 补充正确性与一致性风险清单，并给出“单写者 + per-group 队列 + micro-batch”落地路线（对齐 executor.ts）,success
2025-12-19T08:17:38.625Z,legion_update_context,review-new-scheduler-design,review-new-scheduler-design,Claude,addDecision: 调度层采用“单写者 + per-group 串行 runner + micro-batch 入队”模型，并尽量复用 executor.ts 的并发限制与 in-flight 去重；markDirty 不直接触发全量遍历/排序,success
2025-12-19T08:17:46.328Z,legion_update_context,review-new-scheduler-design,review-new-scheduler-design,Claude,handoff: 明确 dirty 清理语义：成功/失败/route 未命中（失败不清 dirty，并加 backoff；未命中需可观测）,success
2025-12-19T08:19:21.738Z,legion_get_status,review-new-scheduler-design,review-new-scheduler-design,Claude,,success
2025-12-19T08:26:54.923Z,legion_list_tasks,review-new-scheduler-design,review-new-scheduler-design,Claude,,success
2025-12-19T08:26:55.584Z,legion_list_reviews,review-new-scheduler-design,review-new-scheduler-design,Claude,"status: open, type: all",success
2025-12-19T08:26:56.135Z,legion_list_reviews,task-vex-quote-upstream-refactor,task-vex-quote-upstream-refactor,Claude,"status: open, type: all",success
2025-12-19T08:30:46.492Z,legion_list_reviews,review-new-scheduler-design,review-new-scheduler-design,Claude,"status: open, type: all",success
2025-12-19T08:31:06.094Z,legion_respond_review,review-new-scheduler-design,review-new-scheduler-design,Claude,"file: plan.md, reviewId: R1, status: resolved",success
2025-12-19T08:31:07.696Z,legion_respond_review,review-new-scheduler-design,review-new-scheduler-design,Claude,"file: plan.md, reviewId: R2, status: resolved",success
2025-12-19T08:31:09.305Z,legion_respond_review,review-new-scheduler-design,review-new-scheduler-design,Claude,"file: plan.md, reviewId: R3, status: resolved",success
2025-12-19T08:31:10.960Z,legion_respond_review,review-new-scheduler-design,review-new-scheduler-design,Claude,"file: plan.md, reviewId: R4, status: resolved",success
2025-12-19T08:31:12.837Z,legion_respond_review,review-new-scheduler-design,review-new-scheduler-design,Claude,"file: plan.md, reviewId: R5, status: resolved",success
2025-12-19T08:31:18.929Z,legion_respond_review,review-new-scheduler-design,review-new-scheduler-design,Claude,"file: plan.md, reviewId: 255, status: resolved",failed
2025-12-19T08:31:48.447Z,legion_list_reviews,review-new-scheduler-design,review-new-scheduler-design,Claude,"status: open, type: all",success
2025-12-19T08:31:59.138Z,legion_respond_review,review-new-scheduler-design,review-new-scheduler-design,Claude,"file: plan.md, reviewId: R5, status: resolved",success
2025-12-19T08:32:02.073Z,legion_list_reviews,review-new-scheduler-design,review-new-scheduler-design,Claude,"status: open, type: all",success
2025-12-19T08:32:18.082Z,legion_update_context,review-new-scheduler-design,review-new-scheduler-design,Claude,progress.completed: 已闭环 plan.md 内联 review（新增公平调度设计草案、修正风险项措辞与范围，并移除对 upstream 现有实现的引用）,success
2025-12-19T08:32:56.747Z,legion_list_reviews,review-new-scheduler-design,review-new-scheduler-design,Claude,"status: open, type: all",success
2025-12-19T10:55:59.494Z,legion_get_status,review-new-scheduler-design,review-new-scheduler-design,Claude,,success
2025-12-19T10:55:59.535Z,legion_list_reviews,review-new-scheduler-design,review-new-scheduler-design,Claude,"status: open, type: all",success
2025-12-19T10:55:59.881Z,legion_read_context,review-new-scheduler-design,review-new-scheduler-design,Claude,"section: all, includeReviews: true",success
2025-12-19T10:56:25.356Z,legion_update_context,review-new-scheduler-design,review-new-scheduler-design,Claude,addFile: apps/virtual-exchange/src/quote/upstream/refine.ts,success
2025-12-19T10:56:28.439Z,legion_update_context,review-new-scheduler-design,review-new-scheduler-design,Claude,addDecision: 不在 refine.ts 内置侵入式 profiler（计数器/分段耗时/event loop delay），性能定位改用外部 benchmark/采样工具,success
2025-12-19T10:56:33.970Z,legion_update_context,review-new-scheduler-design,review-new-scheduler-design,Claude,progress.completed: 实现 apps/virtual-exchange/src/quote/upstream/refine.ts：以 per-group FIFO（RR）替代全量 sort/扫描，并按要求移除侵入式 profiler,success
2025-12-19T10:56:41.206Z,legion_update_context,review-new-scheduler-design,review-new-scheduler-design,Claude,handoff: （如需落地）确认调度器入口处切换到 refine.ts，并用 apps/virtual-exchange/src/quote/benchmark 下的基准测试验证吞吐/延迟,success
2025-12-19T10:56:47.846Z,legion_update_tasks,review-new-scheduler-design,review-new-scheduler-design,Claude,addDiscoveredTask: （如需落地）确认编排层/入口切换到 refine.ts，并跑 apps/virtual-exchange/src/quote/benchmark 的基准测试验证性能收益,success
2025-12-19T10:56:50.615Z,legion_archive_task,review-new-scheduler-design,review-new-scheduler-design,Claude,taskId: review-new-scheduler-design,success
2025-12-19T10:56:53.149Z,legion_get_status,,,Claude,,success
2025-12-19T11:47:24.910Z,legion_read_context,task-vex-queryquotes-swr,task-vex-queryquotes-swr,Claude,"section: all, includeReviews: true",success
2025-12-19T11:47:24.917Z,legion_get_status,task-vex-queryquotes-swr,task-vex-queryquotes-swr,Claude,,success
2025-12-19T11:50:18.304Z,legion_list_reviews,task-vex-queryquotes-swr,task-vex-queryquotes-swr,Claude,"status: open, type: all",success
2025-12-19T11:51:05.257Z,legion_get_status,task-vex-queryquotes-swr,task-vex-queryquotes-swr,Claude,,success
